Lat,emmean,lower.HPD,upper.HPD,Major.group
-43.24,20.23698682,15.20957524,24.99762992,Amphibian
-42.99,20.29094923,15.27390139,25.02533965,Amphibian
-42.74,20.35989696,15.32195016,25.05454644,Amphibian
-42.49,20.41725023,15.33794555,25.05919674,Amphibian
-42.24,20.4782991,15.40616107,25.10846883,Amphibian
-41.99,20.52654281,15.46609648,25.13617855,Amphibian
-41.74,20.59091642,15.53922806,25.21648115,Amphibian
-41.49,20.65621765,15.53804221,25.20995551,Amphibian
-41.24,20.71009857,15.61024279,25.27220791,Amphibian
-40.99,20.76811961,15.74396977,25.39123636,Amphibian
-40.74,20.8237843,15.79647745,25.43335089,Amphibian
-40.49,20.87519613,15.84734149,25.4752549,Amphibian
-40.24,20.93162313,15.92468238,25.55311565,Amphibian
-39.99,20.99937356,15.98258199,25.61959417,Amphibian
-39.74,21.05956182,16.0779637,25.71360712,Amphibian
-39.49,21.11018773,16.09838122,25.73738852,Amphibian
-39.24,21.16142103,16.22896351,25.84288345,Amphibian
-38.99,21.22071936,16.28446369,25.86842138,Amphibian
-38.74,21.28767495,16.351565,25.91240995,Amphibian
-38.49,21.3472451,16.41286575,25.97229234,Amphibian
-38.24,21.40666018,16.47416649,26.03217472,Amphibian
-37.99,21.46115146,16.51888991,26.10418982,Amphibian
-37.74,21.52038264,16.59076498,26.17019911,Amphibian
-37.49,21.58933485,16.64612224,26.21183854,Amphibian
-37.24,21.64824534,16.69675564,26.27170425,Amphibian
-36.99,21.70548135,16.75683676,26.33199221,Amphibian
-36.74,21.75977945,16.81219402,26.41977281,Amphibian
-36.49,21.82229481,16.86755128,26.45500351,Amphibian
-36.24,21.87409077,16.96457245,26.54071416,Amphibian
-35.99,21.92840959,17.01463031,26.58008975,Amphibian
-35.74,21.98158857,16.60843992,26.17130571,Amphibian
-35.49,22.04315288,16.64374463,26.18962197,Amphibian
-35.24,22.10363604,16.64312895,26.18011558,Amphibian
-34.99,22.15669828,16.71435404,26.2250019,Amphibian
-34.74,22.21266413,16.78600458,26.29849274,Amphibian
-34.49,22.27360189,16.84187733,26.34814318,Amphibian
-34.24,22.33330045,16.931725,26.440707,Amphibian
-33.99,22.40165406,16.95380326,26.48375447,Amphibian
-33.74,22.47060666,17.00973615,26.55411395,Amphibian
-33.49,22.5218204,17.06566905,26.64944521,Amphibian
-33.24,22.5794996,17.5384573,27.08092342,Amphibian
-32.99,22.63080776,17.60377119,27.09965137,Amphibian
-32.74,22.69518096,17.66167081,27.13808233,Amphibian
-32.49,22.75959514,17.71957042,27.21013748,Amphibian
-32.24,22.81640676,17.71719125,27.21226588,Amphibian
-31.99,22.87320029,17.7939837,27.28112,Amphibian
-31.74,22.930897,17.87077616,27.36634511,Amphibian
-31.49,22.99605351,17.93772848,27.45890893,Amphibian
-31.24,23.05591532,17.94262115,27.51167781,Amphibian
-30.99,23.11555573,17.89807394,27.48678183,Amphibian
-30.74,23.18521344,17.96822542,27.54847044,Amphibian
-30.49,23.23514858,18.03586552,27.61085201,Amphibian
-30.24,23.29641017,18.10350563,27.67184765,Amphibian
-29.99,23.35577276,18.17114574,27.73353625,Amphibian
-29.74,23.41728987,18.22178546,27.79522485,Amphibian
-29.49,23.47694848,18.25898133,27.84202724,Amphibian
-29.24,23.53105024,18.90634423,28.49136183,Amphibian
-28.99,23.58206063,18.95523579,28.54311283,Amphibian
-28.74,23.62763044,18.44527296,28.04197927,Amphibian
-28.49,23.67999114,19.04822795,28.65500321,Amphibian
-28.24,23.73920002,19.08712009,28.6921733,Amphibian
-27.99,23.79913135,19.12601222,28.75712491,Amphibian
-27.74,23.8620912,18.51935244,28.14568719,Amphibian
-27.49,23.92407532,18.55654832,28.20116549,Amphibian
-27.24,23.98205562,19.12384728,28.77172385,Amphibian
-26.99,24.0452587,19.21402752,28.84663737,Amphibian
-26.74,24.10258577,18.91589713,28.5354881,Amphibian
-26.49,24.15883748,18.95925265,28.5971767,Amphibian
-26.24,24.20894787,19.00808701,28.66489815,Amphibian
-25.99,24.26126606,19.37447981,29.04510067,Amphibian
-25.74,24.3169065,19.40116841,29.07770375,Amphibian
-25.49,24.37069348,19.44952412,29.13034235,Amphibian
-25.24,24.42930012,19.49787983,29.18298094,Amphibian
-24.99,24.48891266,19.54623555,29.21545626,Amphibian
-24.74,24.54938126,19.59158799,29.26950122,Amphibian
-24.49,24.60715197,19.6592281,29.34674346,Amphibian
-24.24,24.65789262,19.67799167,29.37759114,Amphibian
-23.99,24.71688931,19.62716038,29.32406475,Amphibian
-23.74,24.7793917,19.9819587,29.67295308,Amphibian
-23.49,24.8385911,19.92947313,29.62215992,Amphibian
-23.24,24.89616269,19.99742863,29.69101403,Amphibian
-22.99,24.95081438,20.05251038,29.75986815,Amphibian
-22.74,25.00787125,20.17451074,29.87888548,Amphibian
-22.49,25.06325173,20.23586998,29.94113788,Amphibian
-22.24,25.12111302,20.26798906,29.97880072,Amphibian
-21.99,25.17638581,20.32419966,30.04104739,Amphibian
-21.74,25.2385019,20.40326928,30.12789508,Amphibian
-21.49,25.30062106,20.47090938,30.19014748,Amphibian
-21.24,25.36122925,20.52260977,30.25239988,Amphibian
-20.99,25.42013927,20.54247293,30.32044832,Amphibian
-20.74,25.48337655,20.54285821,30.34348012,Amphibian
-20.49,25.53642412,20.58219927,30.39935737,Amphibian
-20.24,25.59186751,20.6299871,30.47677408,Amphibian
-19.99,25.64634736,20.70803728,30.56366187,Amphibian
-19.74,25.70982081,20.76266452,30.62591427,Amphibian
-19.49,25.76732468,20.8017754,30.69069587,Amphibian
-19.24,25.8230833,20.78824997,30.72817017,Amphibian
-18.99,25.88481009,20.841668,30.81267147,Amphibian
-18.74,25.94634077,20.84877074,30.85025409,Amphibian
-18.49,26.00209785,21.03580073,31.03621469,Amphibian
-18.24,26.06818556,20.96237672,31.00696459,Amphibian
-17.99,26.12268655,21.07774804,31.13695045,Amphibian
-17.74,26.18169114,21.12117777,31.20580457,Amphibian
-17.49,26.23853247,21.07470291,31.20682367,Amphibian
-17.24,26.2982266,21.1276566,31.25161389,Amphibian
-16.99,26.36423404,21.14320215,31.29212816,Amphibian
-16.74,26.42845069,21.18679913,31.33855813,Amphibian
-16.49,26.49613244,21.23265808,31.41047412,Amphibian
-16.24,26.56108732,21.27249269,31.49744787,Amphibian
-15.99,26.61413921,21.30870171,31.55970027,Amphibian
-15.74,26.66467236,21.33539687,31.62195266,Amphibian
-15.49,26.72893998,21.38111976,31.6903555,Amphibian
-15.24,26.79504489,21.41732878,31.76071497,Amphibian
-14.99,26.8434328,21.4535378,31.83107445,Amphibian
-14.74,26.89768469,21.48974682,31.90143392,Amphibian
-14.49,26.95045501,21.52595585,31.97179339,Amphibian
-14.24,26.99815839,21.53886298,32.01074513,Amphibian
-13.99,27.05628231,21.59082084,32.09006718,Amphibian
-13.74,27.11528575,21.70362214,32.22165412,Amphibian
-13.49,27.17171141,21.72746252,32.26505976,Amphibian
-13.24,27.22976886,21.78470069,32.33948181,Amphibian
-12.99,27.28861825,21.83301578,32.42512917,Amphibian
-12.74,27.34951247,21.90730528,32.52644118,Amphibian
-12.49,27.4099028,21.90256797,32.56599948,Amphibian
-12.24,27.47560977,22.01237683,32.68059381,Amphibian
-11.99,27.53467313,22.0596064,32.72586941,Amphibian
-11.74,27.59172989,22.05844154,32.80717384,Amphibian
-11.49,27.65681514,22.10563159,32.89539469,Amphibian
-11.24,27.72219215,22.16235725,32.99601157,Amphibian
-10.99,27.78091373,22.2143151,33.0718364,Amphibian
-10.74,27.8350653,22.2626622,33.16005725,Amphibian
-10.49,27.89722839,22.29370191,33.21894892,Amphibian
-10.24,27.95714453,22.32474161,33.27989792,Amphibian
-9.99,28.01372482,22.44720194,33.4308197,Amphibian
-9.74,28.07231452,22.45969375,33.4701867,Amphibian
-9.49,28.12890309,22.49945868,33.53482486,Amphibian
-9.24,28.18747575,22.51305587,33.59946303,Amphibian
-8.99,28.24442817,22.54709258,33.67650817,Amphibian
-8.74,28.29801533,22.57784378,33.72873935,Amphibian
-8.49,28.35532046,22.64107761,33.83515227,Amphibian
-8.24,28.41719763,22.66401271,33.91447432,Amphibian
-7.99,28.47374749,22.68694781,33.99783176,Amphibian
-7.74,28.52828949,22.70988291,34.08887455,Amphibian
-7.49,28.58258417,22.73281802,34.17991735,Amphibian
-7.24,28.64546543,22.89332701,34.3656977,Amphibian
-6.99,28.6987207,22.91788133,34.43463724,Amphibian
-6.74,28.7496214,23.05048862,34.57159091,Amphibian
-6.49,28.80687032,23.09852119,34.65981177,Amphibian
-6.24,28.86838142,23.16235441,34.77592831,Amphibian
-5.99,28.93402892,23.18652275,34.84798346,Amphibian
-5.74,28.99465664,23.11907633,34.82281082,Amphibian
-5.49,29.04899421,23.2002893,34.91764976,Amphibian
-5.24,29.10591707,23.34372631,35.1214397,Amphibian
-4.99,29.16481874,23.37382723,35.18913689,Amphibian
-4.74,29.22145454,23.40392815,35.22534303,Amphibian
-4.49,29.27529412,23.43402906,35.31195331,Amphibian
-4.24,29.32456033,23.52066273,35.45379945,Amphibian
-3.99,29.37443403,23.56318073,35.54202031,Amphibian
-3.74,29.43910521,23.60569873,35.63024116,Amphibian
-3.49,29.49836274,23.64821673,35.71846201,Amphibian
-3.24,29.54599975,23.68081313,35.80694384,Amphibian
-2.99,29.6004126,23.63593374,35.81868764,Amphibian
-2.74,29.65551042,23.67949818,35.91259473,Amphibian
-2.49,29.71418336,23.72306262,36.00660891,Amphibian
-2.24,29.76877164,23.76662707,36.1006231,Amphibian
-1.99,29.82464128,23.79768146,36.19463729,Amphibian
-1.74,29.87987024,23.81407125,36.28865148,Amphibian
-1.49,29.94239884,23.89240425,36.4055159,Amphibian
-1.24,29.99989577,23.9150979,36.47667985,Amphibian
-0.99,30.05167599,23.91685521,36.55544042,Amphibian
-0.74,30.10896893,23.9635914,36.66470823,Amphibian
-0.49,30.1721676,24.01331347,36.77711226,Amphibian
-0.24,30.23418685,24.06968349,36.87280619,Amphibian
0.01,30.2901178,24.09794378,36.9464963,Amphibian
0.26,30.22937611,24.06722607,36.86787302,Amphibian
0.51,30.16656692,24.01089528,36.77005459,Amphibian
0.76,30.10426341,23.96169784,36.6571871,Amphibian
1.01,30.04806446,23.92816569,36.56317291,Amphibian
1.26,29.99418909,23.91396157,36.46915872,Amphibian
1.51,29.93718677,23.88998607,36.40071877,Amphibian
1.76,29.87545193,23.81276007,36.28113034,Amphibian
2.01,29.82005007,23.79637028,36.18711615,Amphibian
2.26,29.76454629,23.76314191,36.09310197,Amphibian
2.51,29.70976504,23.71957747,35.99908778,Amphibian
2.76,29.65144637,23.67601302,35.90507359,Amphibian
3.01,29.59583243,23.63244858,35.81140421,Amphibian
3.26,29.54248646,23.67839495,35.7996252,Amphibian
3.51,29.49431804,23.64481529,35.71140434,Amphibian
3.76,29.43434002,23.60229729,35.62318349,Amphibian
4.01,29.37039789,23.55977929,35.53496264,Amphibian
4.26,29.32072672,23.51726129,35.44674178,Amphibian
4.51,29.27107163,23.43162099,35.30403346,Amphibian
4.76,29.216945,23.40152007,35.2211869,Amphibian
5.01,29.159705,23.37141916,35.18207922,Amphibian
5.26,29.10136324,23.2346171,35.00703914,Amphibian
5.51,29.04444038,23.19680414,34.91206001,Amphibian
5.76,28.99011009,23.11852819,34.81660004,Amphibian
6.01,28.9284538,23.18506388,34.84221905,Amphibian
6.26,28.86370049,23.15787977,34.77016389,Amphibian
6.51,28.80213121,23.09797305,34.6527541,Amphibian
6.76,28.74651042,23.04601399,34.56453325,Amphibian
7.01,28.6946586,22.91591698,34.42842646,Amphibian
7.26,28.64076154,22.89136267,34.36205499,Amphibian
7.51,28.57746781,22.73098321,34.17263392,Amphibian
7.76,28.52489853,22.70804811,34.08159113,Amphibian
8.01,28.46888311,22.68511301,33.99054834,Amphibian
8.26,28.41298762,22.66217791,33.90812856,Amphibian
8.51,28.34945298,22.6392428,33.82880651,Amphibian
8.76,28.29410449,22.57575351,33.7235683,Amphibian
9.01,28.23916994,22.50806666,33.63456985,Amphibian
9.26,28.18278994,22.51348972,33.59429197,Amphibian
9.51,28.12421728,22.49736841,33.52965381,Amphibian
9.76,28.06774143,22.45620859,33.46501565,Amphibian
10.01,28.00906497,22.44370978,33.42860449,Amphibian
10.26,27.95250865,22.32225843,33.27355216,Amphibian
10.51,27.89256854,22.29121873,33.21544388,Amphibian
10.76,27.82998156,22.26017903,33.15299959,Amphibian
11.01,27.77704221,22.21015847,33.06477873,Amphibian
11.26,27.71625929,22.15820062,32.99050324,Amphibian
11.51,27.65034837,22.10379058,32.88833702,Amphibian
11.76,27.5866918,22.05428491,32.80011617,Amphibian
12.01,27.52899886,22.05686408,32.72224737,Amphibian
12.26,27.47095865,22.00850837,32.67697177,Amphibian
12.51,27.40445242,21.96015266,32.61964822,Amphibian
12.76,27.34546654,21.90245181,32.51833622,Amphibian
13.01,27.28465001,21.8256499,32.41702421,Amphibian
13.26,27.22399504,21.78111508,32.33352805,Amphibian
13.51,27.16813618,21.72555529,32.25988507,Amphibian
13.76,27.11018313,21.70171491,32.21832969,Amphibian
14.01,27.05184717,21.58666421,32.08372141,Amphibian
14.26,26.99371754,21.53470636,32.00439936,Amphibian
14.51,26.94592971,21.52305912,31.96616463,Amphibian
14.76,26.89376729,21.4868501,31.89580516,Amphibian
15.01,26.83916046,21.45064108,31.82544569,Amphibian
15.26,26.79044136,21.41443206,31.75508621,Amphibian
15.51,26.72390414,21.37822304,31.68472674,Amphibian
15.76,26.66026126,21.33152841,31.61697247,Amphibian
16.01,26.61026655,21.30580499,31.55472007,Amphibian
16.26,26.55695956,21.25244433,31.47364832,Amphibian
16.51,26.49057797,21.23093754,31.40549439,Amphibian
16.76,26.42314945,21.18481865,31.33292937,Amphibian
17.01,26.35912571,21.1388706,31.28871598,Amphibian
17.26,26.29253149,21.12475988,31.24606373,Amphibian
17.51,26.23378777,21.07027433,31.20341149,Amphibian
17.76,26.1781966,21.11986534,31.20029624,Amphibian
18.01,26.11775436,21.07311607,31.13144212,Amphibian
18.26,26.06501594,20.95668541,30.9996714,Amphibian
18.51,25.99688759,21.03143055,31.03280251,Amphibian
18.76,25.94154047,20.84319521,30.84527436,Amphibian
19.01,25.88004046,20.84021698,30.80769128,Amphibian
19.26,25.81861455,20.783618,30.72078102,Amphibian
19.51,25.76315517,20.79887868,30.6839046,Amphibian
19.76,25.70575279,20.75829434,30.62093408,Amphibian
20.01,25.64269328,20.7036671,30.55868168,Amphibian
20.26,25.58758341,20.62650194,30.47179434,Amphibian
20.51,25.53281244,20.58061022,30.39488719,Amphibian
20.76,25.47955873,20.53937305,30.33900994,Amphibian
21.01,25.41505135,20.54088388,30.31292241,Amphibian
21.26,25.35681216,20.51890483,30.24741968,Amphibian
21.51,25.29644083,20.46549818,30.18516728,Amphibian
21.76,25.2339522,20.39785807,30.12291488,Amphibian
22.01,25.17277129,20.32028834,30.03606765,Amphibian
22.26,25.11636085,20.26257785,29.97382099,Amphibian
22.51,25.05787932,20.23442194,29.93615769,Amphibian
22.76,25.00263283,20.1679764,29.87390529,Amphibian
23.01,24.94601747,20.0481402,29.75435982,Amphibian
23.26,24.89085992,19.99201742,29.6855057,Amphibian
23.51,24.83394506,19.9229388,29.61665159,Amphibian
23.76,24.77357955,19.97804737,29.6684829,Amphibian
24.01,24.71012116,19.74517495,29.44196284,Amphibian
24.26,24.65390047,19.67462374,29.37326754,Amphibian
24.51,24.60142798,19.65381689,29.34123513,Amphibian
24.76,24.54433362,19.58617678,29.26517762,Amphibian
25.01,24.4842096,19.54236709,29.21113266,Amphibian
25.26,24.42402068,19.49401138,29.17876986,Amphibian
25.51,24.36716943,19.44565567,29.12613126,Amphibian
25.76,24.3125338,19.39729995,29.07349266,Amphibian
26.01,24.25785548,19.36857419,29.04012094,Amphibian
26.26,24.20490876,19.00448328,28.65926939,Amphibian
26.51,24.15464434,18.95591532,28.59224161,Amphibian
26.76,24.09684265,18.91119089,28.53055301,Amphibian
27.01,24.04011819,19.20804443,28.84347936,Amphibian
27.26,23.97669448,19.1194771,28.76842543,Amphibian
27.51,23.91911967,18.55357265,28.19672723,Amphibian
27.76,23.85619599,18.51637677,28.14292718,Amphibian
28.01,23.7948733,19.12290085,28.74946062,Amphibian
28.26,23.73438499,19.08400872,28.68919969,Amphibian
28.51,23.67551237,19.04511658,28.6520296,Amphibian
28.76,23.62271001,18.44056672,28.03704418,Amphibian
29.01,23.57855354,18.95132447,28.53808584,Amphibian
29.26,23.52764321,18.9024329,28.48820383,Amphibian
29.51,23.47228298,18.25600566,27.83740374,Amphibian
29.76,23.41219063,18.21880979,27.79028976,Amphibian
30.01,23.35220721,18.16573453,27.72860116,Amphibian
30.26,23.29057909,18.09809442,27.66691256,Amphibian
30.51,23.23078537,18.03045432,27.6062285,Amphibian
30.76,23.18010139,17.96281421,27.54353535,Amphibian
31.01,23.11121966,18.01142667,27.59981715,Amphibian
31.26,23.05112736,17.93663806,27.50401352,Amphibian
31.51,22.99059332,17.93438683,27.45150382,Amphibian
31.76,22.9257455,17.86463276,27.35894001,Amphibian
32.01,22.86985695,17.78784031,27.27561167,Amphibian
32.26,22.81218894,17.71104785,27.20675755,Amphibian
32.51,22.7543499,17.71493845,27.20437307,Amphibian
32.76,22.6902697,17.65703884,27.13231791,Amphibian
33.01,22.62515539,17.59913922,27.09815313,Amphibian
33.26,22.57764382,17.53260631,27.07942518,Amphibian
33.51,22.51704645,17.06119441,26.64178092,Amphibian
33.76,22.46696417,17.00526152,26.54848519,Amphibian
34.01,22.395383,16.94932863,26.47812571,Amphibian
34.26,22.32980407,16.92761164,26.43330189,Amphibian
34.51,22.27037076,16.83746284,26.34073808,Amphibian
34.76,22.20583737,16.78152995,26.29558952,Amphibian
35.01,22.15263572,16.71104362,26.22064728,Amphibian
35.26,22.09887717,16.63722333,26.17976319,Amphibian
35.51,22.0381563,16.64092025,26.18671875,Amphibian
35.76,21.97653788,16.60561554,26.17095332,Amphibian
36.01,21.92364687,17.01190568,26.5769397,Amphibian
36.26,21.87054561,16.95966839,26.53756412,Amphibian
36.51,21.81812627,16.86035841,26.45002331,Amphibian
36.76,21.75435693,16.80776544,26.41275036,Amphibian
37.01,21.70040625,16.75240818,26.32679605,Amphibian
37.26,21.64531914,16.69384443,26.26691366,Amphibian
37.51,21.58406468,16.64169366,26.20850738,Amphibian
37.76,21.51613762,16.59186392,26.17085425,Amphibian
38.01,21.45562219,16.51594796,26.09839291,Amphibian
38.26,21.40224864,16.46926243,26.02738413,Amphibian
38.51,21.342863,16.40796169,25.96750175,Amphibian
38.76,21.28309768,16.34662049,25.90761936,Amphibian
39.01,21.2169548,16.27905875,25.8662367,Amphibian
39.26,21.15800168,16.22405945,25.83892824,Amphibian
39.51,21.10647802,16.09374925,25.73406467,Amphibian
39.76,21.05454106,16.0745937,25.70843607,Amphibian
40.01,20.9942004,15.97795003,25.61373947,Amphibian
40.26,20.92740208,15.92005041,25.54832506,Amphibian
40.51,20.87079654,15.84473752,25.47109432,Amphibian
40.76,20.81909927,15.7906566,25.4285603,Amphibian
41.01,20.76299651,15.73856483,25.38833314,Amphibian
41.26,20.70406201,15.60639889,25.26722772,Amphibian
41.51,20.65074346,15.53160233,25.20497532,Amphibian
41.76,20.58609666,15.53587961,25.21276792,Amphibian
42.01,20.52017171,15.46225257,25.13396177,Amphibian
42.26,20.47390722,15.40222992,25.10704343,Amphibian
42.51,20.41332305,15.3323556,25.05503616,Amphibian
42.76,20.35424569,15.31810626,25.0508326,Amphibian
43.01,20.28587844,15.27005749,25.02312287,Amphibian
43.26,20.23186787,15.20277853,24.99541315,Amphibian
43.51,20.1777371,15.02518241,24.86331819,Amphibian
43.76,20.12023858,14.89740127,24.74878722,Amphibian
44.01,20.05060887,14.92234839,24.79502945,Amphibian
44.26,19.99513834,14.86026221,24.74861407,Amphibian
44.51,19.94066904,14.60014711,24.53032455,Amphibian
44.76,19.88445319,14.54210372,24.47044216,Amphibian
-42.98,20.29382833,15.27582334,25.02672979,Reptile
-42.73,20.36272259,15.32387211,25.05755987,Reptile
-42.48,20.41921382,15.34074052,25.06127704,Reptile
-42.23,20.48072972,15.40886354,25.10957722,Reptile
-41.98,20.52972835,15.46801843,25.13728694,Reptile
-41.73,20.5933263,15.54069566,25.21833777,Reptile
-41.48,20.65804307,15.54126215,25.21244561,Reptile
-41.23,20.71311685,15.61216474,25.27469801,Reptile
-40.98,20.77058832,15.74667224,25.39300183,Reptile
-40.73,20.82626815,15.79938788,25.43574618,Reptile
-40.48,20.87770513,15.84864347,25.47733519,Reptile
-40.23,20.93454324,15.92699836,25.55551095,Reptile
-39.98,21.00216859,15.98489798,25.62252153,Reptile
-39.73,21.06195589,16.07964871,25.71619265,Reptile
-39.48,21.11185765,16.10069721,25.73905044,Reptile
-39.23,21.1636988,16.23141554,25.84546897,Reptile
-38.98,21.22307329,16.28716616,25.86951371,Reptile
-38.73,21.28996359,16.35401703,25.91480525,Reptile
-38.48,21.34943615,16.41531778,25.97468763,Reptile
-38.23,21.40885867,16.47661852,26.03462694,Reptile
-37.98,21.4639161,16.52036089,26.10708827,Reptile
-37.73,21.52250516,16.59297927,26.17186468,Reptile
-37.48,21.59138603,16.64833653,26.21421717,Reptile
-37.23,21.64963875,16.69821124,26.27409955,Reptile
-36.98,21.7080189,16.75905105,26.33550344,Reptile
-36.73,21.76249071,16.81440831,26.42328403,Reptile
-36.48,21.82447338,16.86976557,26.4574936,Reptile
-36.23,21.87586336,16.96702448,26.54228919,Reptile
-35.98,21.93079094,17.01599263,26.5819984,Reptile
-35.73,21.98411391,16.6098521,26.17148191,Reptile
-35.48,22.04565117,16.64515681,26.19107358,Reptile
-35.23,22.10588393,16.64608176,26.18029178,Reptile
-34.98,22.15882373,16.71576623,26.22717921,Reptile
-34.73,22.21607751,16.7882419,26.29994435,Reptile
-34.48,22.27521745,16.86754265,26.37546976,Reptile
-34.23,22.33407051,16.93378168,26.44440955,Reptile
-33.98,22.40478959,16.95604058,26.48656885,Reptile
-33.73,22.4724279,17.01197347,26.55747373,Reptile
-33.48,22.5247066,17.06790636,26.65327735,Reptile
-33.23,22.58033819,17.54138279,27.08167254,Reptile
-32.98,22.63363394,17.60608718,27.10040049,Reptile
-32.73,22.69765623,17.66398679,27.14096453,Reptile
-32.48,22.76221588,17.7218864,27.21301968,Reptile
-32.23,22.81851567,17.72026295,27.21502005,Reptile
-31.98,22.87507388,17.7970554,27.28387416,Reptile
-31.73,22.9334405,17.87384786,27.37004767,Reptile
-31.48,22.99853474,17.93939931,27.46261148,Reptile
-31.23,23.0586357,17.94561269,27.51550996,Reptile
-30.98,23.11772376,17.90102675,27.48924938,Reptile
-30.73,23.18692629,17.97093102,27.55093798,Reptile
-30.48,23.23801974,18.03857113,27.61316376,Reptile
-30.23,23.29887103,18.10621124,27.67431519,Reptile
-29.98,23.3573369,18.17385134,27.73600379,Reptile
-29.73,23.41983949,18.212314,27.78654519,Reptile
-29.48,23.47978991,18.26046916,27.844339,Reptile
-29.23,23.53314788,18.90829989,28.49294084,Reptile
-28.98,23.58366888,18.95719146,28.54562633,Reptile
-28.73,23.62977223,18.44762608,28.04444681,Reptile
-28.48,23.68148312,19.04978364,28.65649001,Reptile
-28.23,23.74151292,19.08867577,28.6936601,Reptile
-27.98,23.80122322,19.1275679,28.76095706,Reptile
-27.73,23.86503881,18.52084028,28.14790632,Reptile
-27.48,23.92655314,18.55803615,28.20338463,Reptile
-27.23,23.98473619,19.12603237,28.77337306,Reptile
-26.98,24.04848656,19.21658606,28.84821637,Reptile
-26.73,24.10537891,18.91825025,28.53795564,Reptile
-26.48,24.16110544,18.96092132,28.59964424,Reptile
-26.23,24.21096742,19.00988888,28.66771252,Reptile
-25.98,24.26297135,19.37743262,29.04759054,Reptile
-25.73,24.31909285,19.40310264,29.0798093,Reptile
-25.48,24.37267915,19.45145835,29.13244789,Reptile
-25.23,24.43193983,19.49981406,29.18508649,Reptile
-24.98,24.49158379,19.54816977,29.21761805,Reptile
-24.73,24.55199039,19.59429359,29.27166301,Reptile
-24.48,24.60991574,19.6619337,29.34949762,Reptile
-24.23,24.65988869,19.67967563,29.37975294,Reptile
-23.98,24.72031895,19.62932615,29.32555155,Reptile
-23.73,24.78175914,19.98391436,29.67518817,Reptile
-23.48,24.84102512,19.93249413,29.62491408,Reptile
-23.23,24.89871697,20.00006823,29.6937682,Reptile
-22.98,24.95321283,20.05469547,29.76262231,Reptile
-22.73,25.01049045,20.17777791,29.88137557,Reptile
-22.48,25.06590438,20.22837219,29.93460002,Reptile
-22.23,25.1234891,20.27069467,29.98129059,Reptile
-21.98,25.17898422,20.32615533,30.04353726,Reptile
-21.73,25.24171562,20.40597488,30.13038517,Reptile
-21.48,25.3025836,20.47361499,30.19263757,Reptile
-21.23,25.3634378,20.52340429,30.25488997,Reptile
-20.98,25.42268323,20.54326746,30.32421128,Reptile
-20.73,25.48528545,20.55375599,30.3547706,Reptile
-20.48,25.53822996,20.5829938,30.40159246,Reptile
-20.23,25.59400955,20.63172967,30.47926394,Reptile
-19.98,25.6481744,20.71022237,30.56615197,Reptile
-19.73,25.71185482,20.76484961,30.62840437,Reptile
-19.48,25.76993212,20.80322376,30.6940915,Reptile
-19.23,25.82482866,20.79056595,30.73227735,Reptile
-18.98,25.88698084,20.84239351,30.81516157,Reptile
-18.73,25.94874091,20.85155851,30.85274396,Reptile
-18.48,26.00487906,21.03798582,31.040316,Reptile
-18.23,26.06977037,20.96522237,31.01061118,Reptile
-17.98,26.12502477,21.08006403,31.13970462,Reptile
-17.73,26.18337083,21.12183398,31.20855873,Reptile
-17.48,26.24090483,21.0769172,31.20852976,Reptile
-17.23,26.30107416,21.12910496,31.25471928,Reptile
-16.98,26.36678821,21.14536792,31.29383425,Reptile
-16.73,26.4311013,21.18745535,31.34137251,Reptile
-16.48,26.49868589,21.23351836,31.41296399,Reptile
-16.23,26.5631512,21.27394105,31.49993796,Reptile
-15.98,26.61601104,21.31015007,31.56219036,Reptile
-15.73,26.66687791,21.3373311,31.62444276,Reptile
-15.48,26.73145789,21.38256812,31.69316988,Reptile
-15.23,26.79734665,21.41877714,31.76352935,Reptile
-14.98,26.84556897,21.45498616,31.83388882,Reptile
-14.73,26.89955351,21.49119519,31.9042483,Reptile
-14.48,26.95266245,21.52740421,31.97460777,Reptile
-14.23,27.00037881,21.5409413,32.01391801,Reptile
-13.98,27.05849988,21.59289915,32.09324006,Reptile
-13.73,27.11783186,21.70457575,32.22331633,Reptile
-13.48,27.17349902,21.72772692,32.26487172,Reptile
-13.23,27.23265576,21.78534431,32.34245869,Reptile
-12.98,27.29060237,21.83669872,32.42918165,Reptile
-12.73,27.3519646,21.90973202,32.53049366,Reptile
-12.48,27.41262799,21.90464629,32.56917236,Reptile
-12.23,27.47793533,22.01431106,32.68240484,Reptile
-11.98,27.5375561,22.0605269,32.72781646,Reptile
-11.73,27.59424893,22.11102248,32.8610575,Reptile
-11.48,27.66004852,22.10655209,32.89892353,Reptile
-11.23,27.72519436,22.16443556,32.99876573,Reptile
-10.98,27.78270519,22.21639342,33.07536523,Reptile
-10.73,27.83725794,22.26390379,33.16358609,Reptile
-10.48,27.89955832,22.29494349,33.22070144,Reptile
-10.23,27.95978623,22.3259832,33.28307081,Reptile
-9.98,28.01606554,22.44824708,33.43192731,Reptile
-9.73,28.07473492,22.46143632,33.47277223,Reptile
-9.48,28.131246,22.50050381,33.53741039,Reptile
-9.23,28.18981866,22.51283895,33.60204855,Reptile
-8.98,28.24677027,22.5493299,33.67968105,Reptile
-8.73,28.29997076,22.57888891,33.73132488,Reptile
-8.48,28.3588573,22.64199502,33.83832515,Reptile
-8.23,28.41930264,22.66493012,33.9176472,Reptile
-7.98,28.47617967,22.68786522,34.00147347,Reptile
-7.73,28.53015278,22.71080032,34.09251627,Reptile
-7.48,28.58555016,22.73373542,34.18355906,Reptile
-7.23,28.64769232,22.89430919,34.36751905,Reptile
-6.98,28.70075176,22.99679304,34.51341053,Reptile
-6.73,28.75209903,23.05272594,34.57511975,Reptile
-6.48,28.80980674,23.09879525,34.6633406,Reptile
-6.23,28.87080969,23.16459172,34.77881051,Reptile
-5.98,28.93681647,23.18725219,34.85086566,Reptile
-5.73,28.99673344,23.11935039,34.82591621,Reptile
-5.48,29.05127112,23.20203187,34.92044463,Reptile
-5.23,29.10819399,23.34493035,35.12351777,Reptile
-4.98,29.16737561,23.37503127,35.19266572,Reptile
-4.73,29.22370931,23.40513218,35.2274211,Reptile
-4.48,29.27740536,23.4352331,35.31591323,Reptile
-4.23,29.32647714,23.52236345,35.45732829,Reptile
-3.98,29.37622495,23.56488145,35.54554914,Reptile
-3.73,29.4414878,23.60739945,35.63376999,Reptile
-3.48,29.50038509,23.64991745,35.72199085,Reptile
-3.23,29.54775409,23.68202223,35.81090377,Reptile
-2.98,29.60270269,23.63767631,35.82234111,Reptile
-2.73,29.65754244,23.68124076,35.91635529,Reptile
-2.48,29.71639252,23.7248052,36.01036948,Reptile
-2.23,29.77088432,23.76836965,36.10438367,Reptile
-1.98,29.82685044,23.79833706,36.19839786,Reptile
-1.73,29.8820794,23.81472684,36.29241205,Reptile
-1.48,29.9449464,23.89352952,36.40791447,Reptile
-1.23,30.00206666,23.91566606,36.48044042,Reptile
-0.98,30.05348175,23.91902543,36.55918352,Reptile
-0.73,30.1113217,23.96453818,36.6684688,Reptile
-0.48,30.17436688,24.01452256,36.78064109,Reptile
-0.23,30.23638555,24.0709122,36.87527277,Reptile
0.02,30.28734011,24.09671507,36.94296746,Reptile
0.27,30.22696152,24.06599737,36.86540643,Reptile
0.52,30.16376658,24.00968619,36.76652576,Reptile
0.77,30.10192793,23.96075105,36.65342653,Reptile
1.02,30.0462587,23.92759752,36.55941234,Reptile
1.27,29.9913575,23.9133934,36.46539815,Reptile
1.52,29.93458073,23.88877698,36.3983202,Reptile
1.77,29.87324277,23.81210448,36.27736978,Reptile
2.02,29.81773595,23.79571469,36.18335559,Reptile
2.27,29.76243361,23.76139933,36.0893414,Reptile
2.52,29.70755588,23.71783489,35.99532721,Reptile
2.77,29.64957143,23.67427045,35.90131302,Reptile
3.02,29.59354234,23.630706,35.8077625,Reptile
3.27,29.5405404,23.67718586,35.79609636,Reptile
3.52,29.49214413,23.64311457,35.70787551,Reptile
3.77,29.43195743,23.60059657,35.61965466,Reptile
4.02,29.36829273,23.55807857,35.5314338,Reptile
4.27,29.31880991,23.51556057,35.44321295,Reptile
4.52,29.26896039,23.43041695,35.30007353,Reptile
4.77,29.21469023,23.40031604,35.21910883,Reptile
5.02,29.1572055,23.37021512,35.17855039,Reptile
5.27,29.09908633,23.23404643,35.00307921,Reptile
5.52,29.04179045,23.19506156,34.90926514,Reptile
5.77,28.98767573,23.11825412,34.81349465,Reptile
6.02,28.92566625,23.18433445,34.83933684,Reptile
6.27,28.8614736,23.15564246,34.76728169,Reptile
6.52,28.80017694,23.09769898,34.64922527,Reptile
6.77,28.74495494,23.04377667,34.56100441,Reptile
7.02,28.69262755,22.91493481,34.42532108,Reptile
7.27,28.63820514,22.89011045,34.36023364,Reptile
7.52,28.57517232,22.7300658,34.16899221,Reptile
7.77,28.52308312,22.7071307,34.07794942,Reptile
8.02,28.46645093,22.6841956,33.98690663,Reptile
8.27,28.41088261,22.6612605,33.90495568,Reptile
8.52,28.3474438,22.6383254,33.82563363,Reptile
8.77,28.29214907,22.57470837,33.72098277,Reptile
9.02,28.23675249,22.50828358,33.63113467,Reptile
9.27,28.18044703,22.51370664,33.59170645,Reptile
9.52,28.12187437,22.49632327,33.52706828,Reptile
9.77,28.06550173,22.45446601,33.46243012,Reptile
10.02,28.00673504,22.44177555,33.42749689,Reptile
10.27,27.95025083,22.32101684,33.27037928,Reptile
10.52,27.89023861,22.28997714,33.21369136,Reptile
10.77,27.8273887,22.25893744,33.14947075,Reptile
11.02,27.77486066,22.20808016,33.0612499,Reptile
11.27,27.71375322,22.1561223,32.98774907,Reptile
11.52,27.64714887,22.10287007,32.88480819,Reptile
11.77,27.58417275,22.07985748,32.82264857,Reptile
12.02,27.5262421,22.05492986,32.72043634,Reptile
12.27,27.46863309,22.00657414,32.67516074,Reptile
12.52,27.40172723,21.95821843,32.61559574,Reptile
12.77,27.34320258,21.90002508,32.51428374,Reptile
13.02,27.28212734,21.82196696,32.41297173,Reptile
13.27,27.22110813,21.77868835,32.33055117,Reptile
13.52,27.16634857,21.72460167,32.25822286,Reptile
13.77,27.10741201,21.70076129,32.21666747,Reptile
14.02,27.04962959,21.5845859,32.08054853,Reptile
14.27,26.99172618,21.53262804,32.00122648,Reptile
14.52,26.94347782,21.52161076,31.96335026,Reptile
14.77,26.89115806,21.48540174,31.89299078,Reptile
15.02,26.83702429,21.44919272,31.82263131,Reptile
15.27,26.7881396,21.4129837,31.75227184,Reptile
15.52,26.72138623,21.37677467,31.68191236,Reptile
15.77,26.65805571,21.32959418,31.61448238,Reptile
16.02,26.60781355,21.30435663,31.55222998,Reptile
16.27,26.55489567,21.25158406,31.47083394,Reptile
16.52,26.48774784,21.23007727,31.40300452,Reptile
16.77,26.42049884,21.18228578,31.330115,Reptile
17.02,26.35657155,21.13670483,31.28700989,Reptile
17.27,26.28976284,21.12331152,31.24435764,Reptile
17.52,26.23141542,21.06806004,31.2017054,Reptile
17.77,26.17644744,21.11918397,31.19754207,Reptile
18.02,26.11528826,21.07080009,31.12868796,Reptile
18.27,26.06343113,20.95383976,30.99602481,Reptile
18.52,25.99428247,21.02924546,31.03109642,Reptile
18.77,25.93914033,20.84040745,30.84278449,Reptile
19.02,25.87698306,20.83920163,30.80520118,Reptile
19.27,25.81585799,20.78130202,30.71829116,Reptile
19.52,25.76107042,20.79743031,30.68069638,Reptile
19.77,25.70371878,20.75610925,30.61844398,Reptile
20.02,25.64086624,20.70148201,30.55619159,Reptile
20.27,25.58533948,20.62475936,30.46930448,Reptile
20.52,25.53093766,20.57981569,30.3926521,Reptile
20.77,25.47754912,20.53760028,30.33638002,Reptile
21.02,25.41250739,20.54008935,30.30915946,Reptile
21.27,25.35460362,20.51690508,30.24492959,Reptile
21.52,25.29401026,20.46279257,30.18267719,Reptile
21.77,25.23169623,20.39515246,30.12042479,Reptile
22.02,25.17128956,20.31833267,30.03357779,Reptile
22.27,25.11398477,20.25987225,29.97133112,Reptile
22.52,25.05519312,20.23267937,29.93366759,Reptile
22.77,25.00057727,20.16470923,29.87141519,Reptile
23.02,24.94361902,20.04595511,29.75160565,Reptile
23.27,24.8887541,19.98931182,29.68275154,Reptile
23.52,24.83210103,19.91967163,29.61389742,Reptile
23.77,24.77136568,19.97609171,29.66624781,Reptile
24.02,24.70745748,19.74361926,29.43985729,Reptile
24.27,24.6519044,19.67293978,29.37110574,Reptile
24.52,24.59825612,19.65111128,29.33848096,Reptile
24.77,24.54227023,19.58347118,29.26301582,Reptile
25.02,24.48199881,19.54043286,29.20897086,Reptile
25.27,24.42138096,19.49207715,29.17666431,Reptile
25.52,24.365704,19.44372144,29.12402572,Reptile
25.77,24.31034745,19.39536573,29.07138712,Reptile
26.02,24.25568873,19.36562137,29.03763107,Reptile
26.27,24.2028892,19.00268141,28.65645501,Reptile
26.52,24.15254778,18.95424666,28.58977407,Reptile
26.77,24.09448717,18.90883777,28.52808546,Reptile
27.02,24.03754794,19.20505289,28.84190036,Reptile
27.27,23.97424293,19.11729201,28.76677622,Reptile
27.52,23.91664184,18.55208481,28.1945081,Reptile
27.77,23.85324838,18.51488894,28.14160357,Reptile
28.02,23.79280456,19.12134516,28.74562848,Reptile
28.27,23.73180803,19.08245303,28.68771289,Reptile
28.52,23.67373692,19.0435609,28.6505428,Reptile
28.77,23.62049663,18.4382136,28.03457663,Reptile
29.02,23.5769515,18.94936881,28.53557234,Reptile
29.27,23.52593969,18.90047724,28.48662483,Reptile
29.52,23.47011429,18.25451782,27.83509199,Reptile
29.77,23.409641,18.21732195,27.78782222,Reptile
30.02,23.3503192,18.16302893,27.72613362,Reptile
30.27,23.28748841,18.09538882,27.66444501,Reptile
30.52,23.22923634,18.02774871,27.60391675,Reptile
30.77,23.17746066,17.9601086,27.54106781,Reptile
31.02,23.10905162,18.00843512,27.595985,Reptile
31.27,23.04873339,17.97448661,27.54036508,Reptile
31.52,22.98821709,17.93271601,27.44780127,Reptile
31.77,22.92304946,17.86156106,27.35523746,Reptile
32.02,22.86818527,17.78476861,27.27285751,Reptile
32.27,22.81008003,17.70797615,27.20400339,Reptile
32.52,22.75213124,17.71262247,27.20149086,Reptile
32.77,22.68800307,17.65472285,27.12943571,Reptile
33.02,22.6223292,17.59682324,27.09740401,Reptile
33.27,22.5759909,17.52968081,27.07867606,Reptile
33.52,22.5148452,17.0589571,26.63794877,Reptile
33.77,22.46486991,17.00302421,26.54567081,Reptile
34.02,22.39224746,16.94709131,26.47531134,Reptile
34.27,22.32727029,16.92555496,26.42959934,Reptile
34.52,22.26867129,16.83522553,26.33703553,Reptile
34.77,22.20242399,16.77929263,26.29413791,Reptile
35.02,22.15111583,16.70809081,26.21846997,Reptile
35.27,22.09546292,16.63427052,26.17958699,Reptile
35.52,22.03565802,16.63950806,26.18526714,Reptile
35.77,21.97401254,16.60420335,26.17077712,Reptile
36.02,21.92126551,17.01054336,26.57536468,Reptile
36.27,21.86877302,16.95721636,26.53598909,Reptile
36.52,21.81638943,16.85530137,26.44753322,Reptile
36.77,21.75164567,16.80555115,26.40923913,Reptile
37.02,21.6978687,16.75019389,26.32440075,Reptile
37.27,21.64300678,16.69238883,26.26451837,Reptile
37.52,21.58141104,16.63947937,26.20684181,Reptile
37.77,21.51401511,16.58941189,26.16795579,Reptile
38.02,21.45277493,16.51447699,26.09549446,Reptile
38.27,21.40035948,16.4668104,26.02498884,Reptile
38.52,21.34014617,16.40550966,25.96510645,Reptile
38.77,21.27975509,16.34391802,25.90522407,Reptile
39.02,21.21507253,16.27635628,25.86514436,Reptile
39.27,21.15678317,16.22160742,25.83783591,Reptile
39.52,21.10455749,16.09143327,25.73240275,Reptile
39.77,21.05203068,16.0729087,25.70585054,Reptile
40.02,20.99176391,15.97563404,25.61081211,Reptile
40.27,20.92492762,15.91773443,25.54592977,Reptile
40.52,20.86899346,15.84343554,25.46901403,Reptile
40.77,20.81723151,15.78774618,25.426165,Reptile
41.02,20.76075778,15.73586236,25.38688153,Reptile
41.27,20.70104373,15.60447694,25.26473763,Reptile
41.52,20.64779262,15.52838239,25.20248523,Reptile
41.77,20.58368678,15.53317714,25.21091131,Reptile
42.02,20.51698617,15.46033062,25.13285339,Reptile
42.27,20.47171128,15.39943495,25.10514366,Reptile
42.52,20.41135946,15.32956063,25.05295587,Reptile
42.77,20.35142006,15.31618431,25.04972421,Reptile
43.02,20.28338904,15.26813554,25.02201448,Reptile
43.27,20.22918848,15.19938018,24.99430476,Reptile
43.52,20.17533404,15.02312573,24.86177776,Reptile
43.77,20.11768118,14.89384829,24.74826372,Reptile
44.02,20.04851208,14.92029171,24.79317284,Reptile
44.27,19.99258842,14.85755974,24.74675745,Reptile
44.52,19.93812599,14.5979098,24.52792925,Reptile
44.77,19.88182488,14.53855075,24.46804687,Reptile
45.02,19.81544631,14.44972636,24.40816448,Reptile
45.27,19.7454298,14.32090474,24.292149,Reptile
45.52,19.69608074,14.24040623,24.2313669,Reptile
45.77,19.64364385,14.1832532,24.22851733,Reptile
46.02,19.58246477,14.09442881,24.17167292,Reptile
46.27,19.51405405,14.17817788,24.27767488,Reptile
46.52,19.44933941,14.03585953,24.14725517,Reptile
46.77,19.38445078,13.96310997,24.08815012,Reptile
47.02,19.31793396,13.92149218,24.06030919,Reptile
47.27,19.25148056,13.85612044,24.06481776,Reptile
47.52,19.19621917,13.75292583,24.01281049,Reptile
47.77,19.14075719,13.64973121,23.97678639,Reptile
48.02,19.07448834,13.67768896,24.05052667,Reptile
48.27,19.01554314,13.59819591,24.02614471,Reptile
48.52,18.95697859,13.41247922,23.90556623,Reptile
48.77,18.90703556,13.58270273,24.07852246,Reptile
49.02,18.847619,13.49731076,24.02264521,Reptile
49.27,18.78485514,13.39414613,23.9760297,Reptile
49.52,18.72549396,13.47925193,24.07072047,Reptile
49.77,18.66602393,13.42331904,24.02893024,Reptile
50.02,18.60628722,13.23333114,23.88647116,Reptile
50.27,18.55296272,13.16345683,23.83364752,Reptile
50.52,18.50616129,13.09358251,23.78347577,Reptile
50.77,18.44694732,13.29722541,24.01051675,Reptile
51.02,18.39115273,13.25560763,23.96099816,Reptile
51.27,18.33010139,13.21017791,23.94925119,Reptile
51.52,18.26302285,12.98791212,23.76712137,Reptile
51.77,18.21227844,12.89649587,23.70306999,Reptile
52.02,18.15763261,12.80732775,23.65499726,Reptile
52.27,18.09321422,12.69558405,23.58447241,Reptile
52.52,18.03477355,12.62674338,23.54763561,Reptile
52.77,17.98114036,12.70826918,23.68123953,Reptile
53.02,17.94082468,12.64172282,23.64494927,Reptile
53.27,17.88868612,12.32496503,23.36428587,Reptile
53.52,17.8315432,12.25509072,23.33644494,Reptile
53.77,17.7685011,12.1548164,23.28283556,Reptile
54.02,17.70624553,12.08499027,23.24432478,Reptile
54.27,17.65083962,11.99469809,23.20581399,Reptile
54.52,17.58983913,11.9044059,23.1673032,Reptile
54.77,17.52976455,11.7077395,22.9791508,Reptile
55.02,17.47114073,11.64039234,22.94720469,Reptile
55.27,17.41286455,11.88484317,23.25044222,Reptile
55.52,17.35420209,11.81728143,23.20880279,Reptile
55.77,17.28910974,11.7495676,23.16716336,Reptile
56.02,17.23291,11.67891979,23.12552393,Reptile
56.27,17.17769002,11.56884265,23.05252701,Reptile
56.52,17.11804992,11.47848018,23.00235374,Reptile
56.77,17.06626842,11.38811771,22.97451281,Reptile
57.02,17.00866867,11.32940459,22.95896621,Reptile
57.27,16.93722311,11.24202578,22.91883094,Reptile
57.52,16.87097032,11.04038747,22.7442038,Reptile
57.77,16.80941617,10.97971911,22.69939073,Reptile
58.02,16.74582546,10.91905074,22.66102949,Reptile
58.27,16.68937543,10.84594287,22.61629451,Reptile
58.52,16.6275348,10.7555804,22.5747464,Reptile
58.77,16.56962334,10.77803673,22.66749019,Reptile
59.02,16.5179507,10.63037417,22.55785274,Reptile
59.27,16.45607454,10.6059043,22.55767715,Reptile
59.52,16.3974443,10.51983808,22.5425719,Reptile
59.77,16.33918512,10.36823776,22.42809053,Reptile
60.02,16.27993074,10.21340557,22.32545774,Reptile
60.27,16.22608143,10.12567982,22.28390963,Reptile
60.52,16.16478312,10.0666708,22.24676833,Reptile
60.77,16.10922559,10.00766178,22.21244399,Reptile
61.02,16.05290691,9.931343755,22.18049787,Reptile
61.27,15.99196117,9.843964953,22.14855175,Reptile
61.52,15.93385272,9.756586151,22.11660564,Reptile
61.77,15.88107933,9.541526065,21.94694731,Reptile
62.02,15.8260761,9.581673095,21.99307286,Reptile
62.27,15.75802796,9.494449746,21.95152475,Reptile
-41.11,20.73919063,15.71154014,25.37381703,Invertebrate
-40.86,20.80021281,15.77910188,25.42402815,Invertebrate
-40.61,20.85367383,15.82139696,25.45029141,Invertebrate
-40.36,20.90539906,15.89689057,25.52437211,Invertebrate
-40.11,20.96793414,15.95479018,25.58446594,Invertebrate
-39.86,21.03212968,16.04934884,25.6825808,Invertebrate
-39.61,21.08526478,16.06192302,25.70401926,Invertebrate
-39.36,21.13762167,16.18447232,25.81185713,Invertebrate
-39.11,21.18968475,16.25203406,25.85531332,Invertebrate
-38.86,21.2492635,16.3195958,25.88366641,Invertebrate
-38.61,21.31784329,16.38344139,25.94354879,Invertebrate
-38.36,21.37855846,16.44474213,26.00343118,Invertebrate
-38.11,21.42945388,16.50123822,26.06940838,Invertebrate
-37.86,21.49491249,16.5641935,26.14186971,Invertebrate
-37.61,21.55493762,16.61955076,26.19185161,Invertebrate
-37.36,21.61755116,16.67490802,26.24296071,Invertebrate
-37.11,21.67503074,16.73026528,26.30284309,Invertebrate
-36.86,21.73171492,16.78562253,26.37763812,Invertebrate
-36.61,21.79531205,16.87384735,26.4824383,Invertebrate
-36.36,21.85061622,16.93514809,26.52181388,Invertebrate
-36.11,21.89770571,16.9935898,26.56118947,Invertebrate
-35.86,21.95354503,16.56052763,26.13715342,Invertebrate
-35.61,22.01421394,16.62679836,26.17359628,Invertebrate
-35.36,22.07533748,16.66210307,26.20849291,Invertebrate
-35.11,22.13296255,16.68151551,26.19887418,Invertebrate
-34.86,22.18011998,16.73271249,26.25330693,Invertebrate
-34.61,22.24939642,16.81508968,26.31736367,Invertebrate
-34.36,22.29994945,16.90297639,26.3993826,Invertebrate
-34.11,22.35998657,16.92695547,26.44998193,Invertebrate
-33.86,22.43866245,16.98288836,26.5203414,Invertebrate
-33.61,22.49503396,17.03882126,26.60345947,Invertebrate
-33.36,22.55552695,17.50335137,27.071934,Invertebrate
-33.11,22.59753079,17.57597938,27.09066195,Invertebrate
-32.86,22.66732128,17.63387899,27.1093899,Invertebrate
-32.61,22.72742971,17.6917786,27.17555101,Invertebrate
-32.36,22.78999881,17.74967822,27.24760616,Invertebrate
-32.11,22.85092909,17.75712333,27.24807002,Invertebrate
-31.86,22.90087325,17.83391578,27.32191449,Invertebrate
-31.61,22.96544425,17.91070824,27.4144783,Invertebrate
-31.36,23.02630878,17.95944919,27.50704211,Invertebrate
-31.11,23.0891144,17.98151122,27.5614957,Invertebrate
-30.86,23.15127826,17.93575817,27.51885991,Invertebrate
-30.61,23.21118392,18.00339827,27.58054851,Invertebrate
-30.36,23.26611042,18.07103838,27.64223712,Invertebrate
-30.11,23.32830148,18.13867849,27.70392572,Invertebrate
-29.86,23.38669442,18.20393144,27.76561432,Invertebrate
-29.61,23.45044716,18.24055145,27.81428622,Invertebrate
-29.36,23.50783257,18.88287628,28.4724138,Invertebrate
-29.11,23.56027995,18.93176784,28.51295086,Invertebrate
-28.86,23.60371698,18.98065941,28.5757883,Invertebrate
-28.61,23.65729382,18.46821513,28.07405734,Invertebrate
-28.36,23.70870689,19.06845186,28.67433165,Invertebrate
-28.11,23.77047406,19.10734399,28.72057447,Invertebrate
-27.86,23.83051048,18.50149842,28.12969109,Invertebrate
-27.61,23.8930424,18.5386943,28.17453591,Invertebrate
-27.36,23.95488843,19.0878234,28.73660565,Invertebrate
-27.11,24.01441568,19.15225344,28.79316358,Invertebrate
-26.86,24.07513059,18.88765968,28.50587757,Invertebrate
-26.61,24.13272053,18.93922868,28.56756617,Invertebrate
-26.36,24.18552629,18.98646459,28.6311256,Invertebrate
-26.11,24.23601159,19.02266191,28.69094338,Invertebrate
-25.86,24.28641328,19.40518981,29.07746894,Invertebrate
-25.61,24.3476881,19.42631338,29.10507582,Invertebrate
-25.36,24.40121275,19.47466909,29.15771442,Invertebrate
-25.11,24.46210169,19.51593064,29.18951467,Invertebrate
-24.86,24.52363737,19.57138052,29.24483937,Invertebrate
-24.61,24.57398601,19.61568507,29.2976046,Invertebrate
-24.36,24.63676011,19.69072596,29.3825476,Invertebrate
-24.11,24.68578314,19.72690871,29.4209074,Invertebrate
-23.86,24.75333956,19.95849074,29.646132,Invertebrate
-23.61,24.81244525,20.00738231,29.70200925,Invertebrate
-23.36,24.86720496,19.96496138,29.65796406,Invertebrate
-23.11,24.92416984,20.02628931,29.72681817,Invertebrate
-22.86,24.98199429,20.13530472,29.84900433,Invertebrate
-22.61,25.03554887,20.21698392,29.92411646,Invertebrate
-22.36,25.09376192,20.24179218,29.94892232,Invertebrate
-22.11,25.150369,20.30073171,30.01116899,Invertebrate
-21.86,25.2091426,20.3476895,30.07341566,Invertebrate
-21.61,25.27263996,20.43844213,30.16026632,Invertebrate
-21.36,25.33289935,20.49890729,30.22251872,Invertebrate
-21.11,25.38994034,20.53293861,30.28477112,Invertebrate
-20.86,25.45710569,20.51372835,30.29889338,Invertebrate
-20.61,25.51135892,20.56551172,30.37253629,Invertebrate
-20.36,25.5653219,20.59252812,30.42841354,Invertebrate
-20.11,25.61795402,20.6818162,30.53378072,Invertebrate
-19.86,25.67305814,20.73644344,30.59603312,Invertebrate
-19.61,25.74230764,20.78439507,30.65828552,Invertebrate
-19.36,25.79634332,20.81482407,30.73483912,Invertebrate
-19.11,25.8518312,20.82689838,30.78279032,Invertebrate
-18.86,25.91642797,20.77015638,30.76367707,Invertebrate
-18.61,25.97327783,21.00957965,31.01968607,Invertebrate
-18.36,26.03970141,21.06420689,31.08960219,Invertebrate
-18.11,26.09507146,21.04995623,31.10390048,Invertebrate
-17.86,26.15474066,21.10785584,31.18530101,Invertebrate
-17.61,26.20930252,21.12970854,31.24160871,Invertebrate
-17.36,26.26815834,21.10348868,31.22900283,Invertebrate
-17.11,26.33358406,21.14648529,31.29198395,Invertebrate
-16.86,26.39743819,21.17135721,31.31834905,Invertebrate
-16.61,26.4629087,21.21890334,31.38059572,Invertebrate
-16.36,26.53302993,21.21173525,31.41069466,Invertebrate
-16.11,26.58872038,21.29132138,31.52981911,Invertebrate
-15.86,26.63872003,21.31218613,31.59207151,Invertebrate
-15.61,26.69790718,21.36054184,31.65658295,Invertebrate
-15.36,26.761583,21.39994845,31.72694243,Invertebrate
-15.11,26.82060679,21.43615747,31.7973019,Invertebrate
-14.86,26.86918818,21.47236649,31.86766137,Invertebrate
-14.61,26.92396569,21.50857552,31.93802085,Invertebrate
-14.36,26.97660584,21.51392321,31.97267054,Invertebrate
-14.11,27.03001335,21.56588107,32.05199259,Invertebrate
-13.86,27.08511074,21.69217875,32.20170753,Invertebrate
-13.61,27.14563433,21.71601914,32.24326292,Invertebrate
-13.36,27.19598931,21.75684773,32.30375923,Invertebrate
-13.11,27.26124399,21.95650999,32.5345469,Invertebrate
-12.86,27.32008697,21.87818447,32.47781141,Invertebrate
-12.61,27.37928027,21.93885283,32.57912342,Invertebrate
-12.36,27.44429348,21.98916609,32.65886152,Invertebrate
-12.11,27.50539228,22.0375218,32.70413713,Invertebrate
-11.86,27.56600956,22.07157295,32.77863537,Invertebrate
-11.61,27.62517462,22.1338317,32.90089425,Invertebrate
-11.36,27.69119862,22.15698253,32.97440897,Invertebrate
-11.11,27.75540456,22.18937533,33.03724641,Invertebrate
-10.86,27.80726387,22.24133319,33.11771124,Invertebrate
-10.61,27.86659764,22.29329104,33.2059321,Invertebrate
-10.36,27.92898642,22.30984255,33.24182334,Invertebrate
-10.11,27.98637591,22.39521837,33.37452222,Invertebrate
-9.86,28.0440139,22.44916461,33.44521856,Invertebrate
-9.61,28.10226211,22.48234726,33.50379855,Invertebrate
-9.36,28.15898545,22.51304543,33.56843671,Invertebrate
-9.11,28.21792059,22.49787179,33.60021796,Invertebrate
-8.86,28.2733382,22.56231726,33.69771304,Invertebrate
-8.61,28.32500817,22.62676273,33.79707769,Invertebrate
-8.36,28.3913442,22.65300386,33.87639974,Invertebrate
-8.11,28.44496581,22.67593897,33.95572179,Invertebrate
-7.86,28.50426267,22.69887407,34.04517401,Invertebrate
-7.61,28.554868,22.72180917,34.13621681,Invertebrate
-7.36,28.61685356,22.87442725,34.34384148,Invertebrate
-7.11,28.67357452,22.90609526,34.39737258,Invertebrate
-6.86,28.72751567,23.02364083,34.53475234,Invertebrate
-6.61,28.78258849,23.07957372,34.61746576,Invertebrate
-6.36,28.8414316,23.10208408,34.70568661,Invertebrate
-6.11,28.90332896,23.17776953,34.81339698,Invertebrate
-5.86,28.96665022,23.20037691,34.88678962,Invertebrate
-5.61,29.02167123,23.16942258,34.8841113,Invertebrate
-5.36,29.0789497,23.22294281,34.96743989,Invertebrate
-5.11,29.13551696,23.35937879,35.14845457,Invertebrate
-4.86,29.19613203,23.38570958,35.20040623,Invertebrate
-4.61,29.2505425,23.41958062,35.26443422,Invertebrate
-4.36,29.30274026,23.50025409,35.41145344,Invertebrate
-4.11,29.35063661,23.54277209,35.4996743,Invertebrate
-3.86,29.40529192,23.58529009,35.58789515,Invertebrate
-3.61,29.46840392,23.62780809,35.676116,Invertebrate
-3.36,29.52465329,23.66630403,35.76433686,Invertebrate
-3.11,29.57339471,23.6150228,35.7749871,Invertebrate
-2.86,29.6301335,23.65858725,35.86746792,Invertebrate
-2.61,29.6869533,23.70215169,35.9614821,Invertebrate
-2.36,29.74290242,23.74571614,36.05549629,Invertebrate
-2.11,29.79690879,23.78928058,36.14951048,Invertebrate
-1.86,29.85186344,23.80620415,36.24352467,Invertebrate
-1.61,29.91005007,23.87640947,36.37673308,Invertebrate
-1.36,29.97252321,23.90489091,36.43669729,Invertebrate
-1.11,30.02811743,23.92248404,36.52556723,Invertebrate
-0.86,30.08070734,23.93668816,36.60410083,Invertebrate
-0.61,30.13955485,23.99880436,36.73476625,Invertebrate
-0.36,30.20450115,24.05357885,36.84320716,Invertebrate
-0.11,30.26541304,24.0856567,36.91120796,Invertebrate
0.14,30.25816727,24.08197057,36.90062145,Invertebrate
0.39,30.19623389,24.02540439,36.8124006,Invertebrate
0.64,30.13249657,23.97305922,36.70231391,Invertebrate
0.89,30.07220182,23.93498366,36.59287151,Invertebrate
1.14,30.02160474,23.92077954,36.51428553,Invertebrate
1.39,29.96562901,23.90205056,36.42950158,Invertebrate
1.64,29.90196183,23.87426787,36.37129633,Invertebrate
1.89,29.84635091,23.80423738,36.23224297,Invertebrate
2.14,29.79018016,23.78405285,36.13822878,Invertebrate
2.39,29.73627494,23.7404884,36.04421459,Invertebrate
2.64,29.67886456,23.69692396,35.9502004,Invertebrate
2.89,29.62331349,23.65335951,35.85618621,Invertebrate
3.14,29.56606127,23.69290405,35.84654308,Invertebrate
3.39,29.51858624,23.66267675,35.75375035,Invertebrate
3.64,29.46160044,23.62270593,35.6655295,Invertebrate
3.89,29.39658837,23.58018793,35.57730865,Invertebrate
4.14,29.34356732,23.53766993,35.48908779,Invertebrate
4.39,29.29648686,23.44606943,35.35155255,Invertebrate
4.64,29.24400224,23.41596851,35.25255444,Invertebrate
4.89,29.1890317,23.3770581,35.19417203,Invertebrate
5.14,29.12868622,23.35576668,35.14222037,Invertebrate
5.39,29.07252753,23.21771507,34.95556012,Invertebrate
5.64,29.0154246,23.1607711,34.87572668,Invertebrate
5.89,28.95900103,23.1986649,34.87948366,Invertebrate
6.14,28.89471125,23.17558122,34.80475037,Invertebrate
6.39,28.83475094,23.10126187,34.69510011,Invertebrate
6.64,28.77584817,23.07286178,34.60687926,Invertebrate
6.89,28.72012585,23.01692888,34.52915051,Invertebrate
7.14,28.66741,22.90314874,34.38805641,Invertebrate
7.39,28.60935703,22.87859443,34.34221669,Invertebrate
7.64,28.54688595,22.71905695,34.12529167,Invertebrate
7.89,28.49770543,22.69612185,34.03424888,Invertebrate
8.14,28.43971798,22.67318675,33.94620314,Invertebrate
8.39,28.38353869,22.65025165,33.86688109,Invertebrate
8.64,28.31756955,22.61902927,33.78755904,Invertebrate
8.89,28.26669622,22.5545838,33.68995646,Invertebrate
9.14,28.21090482,22.49013833,33.5899124,Invertebrate
9.39,28.15105852,22.50991002,33.56068013,Invertebrate
9.64,28.09527233,22.47711952,33.49604197,Invertebrate
9.89,28.03719458,22.43355508,33.4314038,Invertebrate
10.14,27.97960246,22.33715749,33.31162674,Invertebrate
10.39,27.9215728,22.30611779,33.2364741,Invertebrate
10.64,27.85792448,22.2870561,33.1953456,Invertebrate
10.89,27.80083176,22.23509824,33.10712474,Invertebrate
11.14,27.7490945,22.18314039,33.02970592,Invertebrate
11.39,27.68368042,22.15467496,32.96686848,Invertebrate
11.64,27.61868877,22.12843054,32.88622319,Invertebrate
11.89,27.56003787,22.06881144,32.7639643,Invertebrate
12.14,27.49882256,22.03171911,32.69870405,Invertebrate
12.39,27.43655248,21.9833634,32.65342845,Invertebrate
12.64,27.37234794,21.93157263,32.56696598,Invertebrate
12.89,27.31090645,21.86984519,32.46565397,Invertebrate
13.14,27.255833,21.95374847,32.52700641,Invertebrate
13.39,27.18958752,21.73699867,32.28137508,Invertebrate
13.64,27.13795784,21.71315829,32.23827627,Invertebrate
13.89,27.07845802,21.68931791,32.19672088,Invertebrate
14.14,27.02172596,21.55964613,32.04247395,Invertebrate
14.39,26.9717543,21.50689406,31.9631519,Invertebrate
14.64,26.91734336,21.50423043,31.92957771,Invertebrate
14.89,26.86349533,21.46802141,31.85921824,Invertebrate
15.14,26.8157397,21.43181239,31.78885876,Invertebrate
15.39,26.75461717,21.39560337,31.71849929,Invertebrate
15.64,26.69040759,21.35473915,31.64813982,Invertebrate
15.89,26.63434773,21.32318532,31.59684267,Invertebrate
16.14,26.58321609,21.2869763,31.52234883,Invertebrate
16.39,26.52344869,21.20967202,31.40176402,Invertebrate
16.64,26.45495685,21.21455825,31.37312612,Invertebrate
16.89,26.39076342,21.16485989,31.31087945,Invertebrate
17.14,26.3251837,21.14214021,31.28266778,Invertebrate
17.39,26.26191022,21.09684581,31.22388456,Invertebrate
17.64,26.20305522,21.1277399,31.23334621,Invertebrate
17.89,26.14615877,21.10090789,31.17344918,Invertebrate
18.14,26.08775549,20.99083325,31.04343053,Invertebrate
18.39,26.03061291,21.05765162,31.07728064,Invertebrate
18.64,25.96749655,21.00302438,31.01062334,Invertebrate
18.89,25.90807747,20.84892312,30.83757243,Invertebrate
19.14,25.84448494,20.82167065,30.77532003,Invertebrate
19.39,25.79117813,20.81264753,30.72465221,Invertebrate
19.64,25.73497548,20.78004998,30.65081523,Invertebrate
19.89,25.66490735,20.72988817,30.58856283,Invertebrate
20.14,25.61212611,20.67526093,30.52631043,Invertebrate
20.39,25.55870084,20.59014454,30.42170827,Invertebrate
20.64,25.50731705,20.56028399,30.36583102,Invertebrate
20.89,25.44851651,20.5044912,30.28639783,Invertebrate
21.14,25.3833147,20.53055503,30.27730084,Invertebrate
21.39,25.32560765,20.49290802,30.21504844,Invertebrate
21.64,25.26449031,20.43032532,30.15279604,Invertebrate
21.89,25.20162657,20.34246177,30.06594606,Invertebrate
22.14,25.14461112,20.29486472,30.00369939,Invertebrate
22.39,25.08656019,20.24042552,29.94185788,Invertebrate
22.64,25.02821239,20.19708159,29.90378644,Invertebrate
22.89,24.97479892,20.07436128,29.78740979,Invertebrate
23.14,24.91794952,20.01973404,29.71855568,Invertebrate
23.39,24.86137489,19.95684457,29.64970156,Invertebrate
23.64,24.80464664,20.00151532,29.69530398,Invertebrate
23.89,24.74868083,19.95004208,29.63942673,Invertebrate
24.14,24.6785138,19.71710721,29.41459077,Invertebrate
24.39,24.62878391,19.68605891,29.3742851,Invertebrate
24.64,24.56847729,19.61063319,29.2911192,Invertebrate
24.89,24.51562398,19.56557783,29.23707424,Invertebrate
25.14,24.45430329,19.50525577,29.18302928,Invertebrate
25.39,24.39281092,19.46886641,29.15139779,Invertebrate
25.64,24.34154214,19.4205107,29.09875919,Invertebrate
25.89,24.28009909,19.40013792,29.06999934,Invertebrate
26.14,24.23017291,19.01765592,28.68354074,Invertebrate
26.39,24.17923012,18.98105898,28.62268246,Invertebrate
26.64,24.12588512,18.93422268,28.56016354,Invertebrate
26.89,24.06974976,18.88060032,28.49990968,Invertebrate
27.14,24.00733439,19.14569818,28.78821595,Invertebrate
27.39,23.94651665,19.08202072,28.73028902,Invertebrate
27.64,23.88790819,18.53423079,28.16787851,Invertebrate
27.89,23.82241561,18.49191918,28.12572027,Invertebrate
28.14,23.76289356,19.10267694,28.71281789,Invertebrate
28.39,23.70142349,19.06378481,28.66987124,Invertebrate
28.64,23.65189101,18.46558749,28.06665471,Invertebrate
28.89,23.59677854,18.97479242,28.56824781,Invertebrate
29.14,23.55462393,18.92590085,28.50715186,Invertebrate
29.39,23.50091256,18.87700929,28.4676768,Invertebrate
29.64,23.44246587,18.23349208,27.80735096,Invertebrate
29.89,23.38029981,18.19820178,27.75821169,Invertebrate
30.14,23.32083651,18.13056167,27.69652309,Invertebrate
30.39,23.26100835,18.06292157,27.63483448,Invertebrate
30.64,23.20410308,17.99528146,27.57314588,Invertebrate
30.89,23.14291792,17.92760206,27.51145728,Invertebrate
31.14,23.0830352,17.97253659,27.54999926,Invertebrate
31.39,23.01842743,17.95443672,27.49593445,Invertebrate
31.64,22.95633202,17.90149314,27.40337064,Invertebrate
31.89,22.89496446,17.82470069,27.31080683,Invertebrate
32.14,22.84636221,17.74790823,27.23980753,Invertebrate
32.39,22.7826689,17.74273026,27.23895954,Invertebrate
32.64,22.71866414,17.68483065,27.16690439,Invertebrate
32.89,22.66134274,17.62693104,27.10714255,Invertebrate
33.14,22.58977374,17.56771224,27.0884146,Invertebrate
33.39,22.55004882,17.49457489,27.06968665,Invertebrate
33.64,22.48771347,17.03210931,26.59196304,Invertebrate
33.89,22.42977303,16.97617642,26.51189826,Invertebrate
34.14,22.349479,16.92024352,26.4432228,Invertebrate
34.39,22.29154496,16.89411795,26.39340439,Invertebrate
34.64,22.24344012,16.80837774,26.31300884,Invertebrate
34.89,22.17527455,16.72847593,26.246775,Invertebrate
35.14,22.12687384,16.67265707,26.19234225,Invertebrate
35.39,22.06813575,16.65786651,26.20413807,Invertebrate
35.64,22.00857868,16.6225618,26.17306769,Invertebrate
35.89,21.94628471,17.02825349,26.60440926,Invertebrate
36.14,21.89183315,16.98735486,26.5564644,Invertebrate
36.39,21.84408051,16.88969418,26.47990446,Invertebrate
36.64,21.78689207,16.86649126,26.47771323,Invertebrate
36.89,21.72441112,16.77897966,26.36710445,Invertebrate
37.14,21.66770137,16.72062663,26.29565721,Invertebrate
37.39,21.61035678,16.66826515,26.23577482,Invertebrate
37.64,21.54564959,16.61290789,26.18685488,Invertebrate
37.89,21.48797601,16.55755063,26.13342328,Invertebrate
38.14,21.42639369,16.4968253,26.06071302,Invertebrate
38.39,21.37000318,16.43738604,25.99624529,Invertebrate
38.64,21.31145206,16.3760853,25.93636291,Invertebrate
38.89,21.24258056,16.31148839,25.87934476,Invertebrate
39.14,21.18223741,16.2610883,25.86873871,Invertebrate
39.39,21.12899065,16.17636491,25.80547897,Invertebrate
39.64,21.07943756,16.09481373,25.73946239,Invertebrate
39.89,21.02507156,16.04124143,25.67482422,Invertebrate
40.14,20.96017825,15.94784223,25.57706861,Invertebrate
40.39,20.89928239,15.88994261,25.51718622,Invertebrate
40.64,20.84735426,15.82558169,25.45730384,Invertebrate
40.89,20.79280669,15.77099447,25.41627157,Invertebrate
41.14,20.73316239,15.70343273,25.3694622,Invertebrate
41.39,20.6744718,15.57024161,25.23485647,Invertebrate
41.64,20.62087791,15.55390405,25.23504731,Invertebrate
41.89,20.55026622,15.48531598,25.15789192,Invertebrate
42.14,20.49697505,15.43318577,25.11955272,Invertebrate
42.39,20.43928695,15.38415891,25.09580115,Invertebrate
42.64,20.38592673,15.29533452,25.02799238,Invertebrate
42.89,20.31676962,15.2931209,25.04935127,Invertebrate
43.14,20.2584129,15.2435588,25.00871381,Invertebrate
43.39,20.20540954,15.15859991,24.98100409,Invertebrate
43.64,20.147165,14.93912287,24.78333786,Invertebrate
43.89,20.08475715,14.94664938,24.8047818,Invertebrate
44.14,20.02156444,14.89269184,24.77089345,Invertebrate
44.39,19.96415893,14.81289121,24.72776023,Invertebrate
44.64,19.91240108,14.57106201,24.49918571,Invertebrate
44.89,19.84963855,14.49591504,24.43930332,Invertebrate
45.14,19.78096188,14.36276397,24.33132357,Invertebrate
45.39,19.71812992,14.28109399,24.25598785,Invertebrate
45.64,19.6741835,14.1993861,24.21399114,Invertebrate
45.89,19.61503321,14.14061749,24.19977379,Invertebrate
46.14,19.55035637,14.0517931,24.14697597,Invertebrate
46.39,19.48181144,14.13909326,24.25782909,Invertebrate
46.64,19.41782617,13.98475122,24.1067897,Invertebrate
46.89,19.35419406,13.94313343,24.07478647,Invertebrate
47.14,19.28141277,13.88421659,24.05510794,Invertebrate
47.39,19.22454433,13.7992577,24.03985427,Invertebrate
47.64,19.16734791,13.70339241,23.99126367,Invertebrate
47.89,19.10559545,13.71552447,24.07466267,Invertebrate
48.14,19.04787646,13.64276388,24.02947677,Invertebrate
48.39,18.98307891,13.55547999,24.02306897,Invertebrate
48.64,18.93199675,13.61903737,24.11932492,Invertebrate
48.89,18.87888038,13.54916305,24.05170138,Invertebrate
49.14,18.81648724,13.46554869,24.00384559,Invertebrate
49.39,18.75487005,13.50833704,24.09809254,Invertebrate
49.64,18.69764547,13.45240414,24.05053526,Invertebrate
49.89,18.63781193,13.37761631,24.00898715,Invertebrate
50.14,18.58172911,13.19979147,23.86111581,Invertebrate
50.39,18.53167113,13.12991716,23.80829217,Invertebrate
50.64,18.47432896,13.06004284,23.76499059,Invertebrate
50.89,18.4244023,13.27724888,23.98674783,Invertebrate
51.14,18.3631857,13.23563109,23.95258324,Invertebrate
51.39,18.30097495,13.03486405,23.79878052,Invertebrate
51.64,18.23714489,12.94457187,23.73789753,Invertebrate
51.89,18.18766518,12.85427968,23.67701455,Invertebrate
52.14,18.12954093,12.81619786,23.68480704,Invertebrate
52.39,18.07111883,12.66315441,23.55524858,Invertebrate
52.64,18.00588267,12.59559267,23.55195794,Invertebrate
52.89,17.95967545,12.67632693,23.66382021,Invertebrate
53.14,17.91684268,12.36129968,23.37988274,Invertebrate
53.39,17.85877503,12.29142536,23.35092222,Invertebrate
53.64,17.80446307,12.22155105,23.32308129,Invertebrate
53.89,17.73948327,12.13194221,23.26435038,Invertebrate
54.14,17.67880586,12.04165002,23.2258396,Invertebrate
54.39,17.62318683,11.95135784,23.18732881,Invertebrate
54.64,17.56101795,11.73928706,23.00730172,Invertebrate
54.89,17.50000537,11.67822785,22.96381667,Invertebrate
55.14,17.44570319,11.60546725,22.93187055,Invertebrate
55.39,17.37864485,11.85241353,23.2304553,Invertebrate
55.64,17.32113366,11.78485179,23.18881586,Invertebrate
55.89,17.2646962,11.71729005,23.14717643,Invertebrate
56.14,17.20351913,11.63697797,23.105537,Invertebrate
56.39,17.14763533,11.52546867,23.02292798,Invertebrate
56.64,17.09356762,11.4351062,22.98899009,Invertebrate
56.89,17.03982747,11.37484156,22.98454723,Invertebrate
57.14,16.97547271,11.28746276,22.93897928,Invertebrate
57.39,16.90264673,11.14766505,22.84139779,Invertebrate
57.64,16.84056528,11.01126666,22.72099575,Invertebrate
57.89,16.77658094,10.93814318,22.67944764,Invertebrate
58.14,16.71634753,10.88992992,22.63789953,Invertebrate
58.39,16.66451105,10.80256889,22.59635142,Invertebrate
58.64,16.59899827,10.71220642,22.55811963,Invertebrate
58.89,16.54558165,10.73672495,22.64750326,Invertebrate
59.14,16.48825021,10.64725646,22.57777073,Invertebrate
59.39,16.42906524,10.47430401,22.46191577,Invertebrate
59.64,16.36785949,10.4785263,22.52258497,Invertebrate
59.89,16.31036041,10.26039405,22.34706276,Invertebrate
60.14,16.25421575,10.17003158,22.30551465,Invertebrate
60.39,16.19621226,10.09735549,22.27794971,Invertebrate
60.64,16.13550102,10.03834647,22.22905597,Invertebrate
60.89,16.08107357,9.976780732,22.19710985,Invertebrate
61.14,16.02357005,9.88940193,22.16516374,Invertebrate
61.39,15.96326645,9.802023128,22.13321762,Invertebrate
61.64,15.91022105,9.713691816,22.09394268,Invertebrate
61.89,15.85294918,9.605672975,22.01467788,Invertebrate
62.14,15.79226826,9.539886723,21.97312977,Invertebrate
62.39,15.72643047,9.450394657,21.93191612,Invertebrate
62.64,15.66733695,9.35165796,21.90192623,Invertebrate
-1.21,30.00640846,23.91680239,36.48796156,Fish
-0.96,30.05709327,23.92336586,36.56666974,Fish
-0.71,30.11602722,23.96643175,36.67598993,Fish
-0.46,30.17854818,24.01694074,36.78769876,Fish
-0.21,30.24078294,24.07336962,36.88020595,Fish
0.04,30.2819494,24.09425765,36.9359098,Fish
0.29,30.22213233,24.06353995,36.86047326,Fish
0.54,30.15816591,24.007268,36.75946809,Fish
0.79,30.09758614,23.95885749,36.64590539,Fish
1.04,30.04264717,23.92646119,36.5518912,Fish
1.29,29.98671219,23.91151838,36.45787702,Fish
1.54,29.92936866,23.88635879,36.39352306,Fish
1.79,29.86777569,23.81079329,36.26984864,Fish
2.04,29.81310769,23.79440351,36.17583445,Fish
2.29,29.75820826,23.75791418,36.08182026,Fish
2.54,29.70313756,23.71434974,35.98780608,Fish
2.79,29.64562534,23.67078529,35.89379189,Fish
3.04,29.58976231,23.62722085,35.80047908,Fish
3.29,29.53685597,23.67476767,35.7890387,Fish
3.54,29.48686853,23.63971313,35.70081784,Fish
3.79,29.42620459,23.59719513,35.61259699,Fish
4.04,29.36408241,23.55467713,35.52437613,Fish
4.29,29.31510459,23.51215913,35.43615528,Fish
4.54,29.26451098,23.42800888,35.29215369,Fish
4.79,29.21132967,23.39790796,35.2149527,Fish
5.04,29.15231577,23.36780705,35.17149272,Fish
5.29,29.0945325,23.23290509,34.99515936,Fish
5.54,29.0364504,23.18960937,34.9036754,Fish
5.79,28.98283818,23.1175137,34.80728388,Fish
6.04,28.92083938,23.18287558,34.83357243,Fish
6.29,28.85701982,23.15116783,34.76151728,Fish
6.54,28.79626839,23.09523493,34.6421676,Fish
6.79,28.74184396,23.03930204,34.55431644,Fish
7.04,28.68856544,22.91297046,34.4191103,Fish
7.29,28.6327375,22.8866253,34.35659094,Fish
7.54,28.57058133,22.728231,34.16170879,Fish
7.79,28.51945229,22.70529589,34.070666,Fish
8.04,28.46158656,22.68236079,33.9796232,Fish
8.29,28.40667259,22.65942569,33.89860991,Fish
8.54,28.34342544,22.63649059,33.81928786,Fish
8.79,28.28823822,22.5726181,33.71581172,Fish
9.04,28.23256762,22.50871743,33.62426429,Fish
9.29,28.17615721,22.51414049,33.58653539,Fish
9.54,28.11718856,22.494233,33.52189723,Fish
9.79,28.0603234,22.44759694,33.45297179,Fish
10.04,28.00218063,22.40741641,33.39262091,Fish
10.29,27.9457352,22.31853367,33.26403351,Fish
10.54,27.88557875,22.28749396,33.21018633,Fish
10.79,27.82220456,22.25588139,33.14241308,Fish
11.04,27.77049755,22.20392353,33.05484089,Fish
11.29,27.70874109,22.16236685,32.99200345,Fish
11.54,27.64211078,22.10000782,32.87775052,Fish
11.79,27.57937413,22.07801647,32.81286786,Fish
12.04,27.52072858,22.0510614,32.71681429,Fish
12.29,27.46392695,22.00270569,32.67153869,Fish
12.54,27.39627685,21.95434998,32.60749078,Fish
12.79,27.33770284,21.89517161,32.50617877,Fish
13.04,27.27706757,21.81460107,32.40486677,Fish
13.29,27.21533432,21.93994092,32.49043629,Fish
13.54,27.16277335,21.72269444,32.25489843,Fish
13.79,27.10186978,21.69885406,32.21334304,Fish
14.04,27.04533016,21.58042927,32.07420277,Fish
14.29,26.9879261,21.52847141,31.99488072,Fish
14.54,26.93905834,21.51871404,31.9577215,Fish
14.79,26.88593961,21.48250502,31.88736202,Fish
15.04,26.83255539,21.446296,31.81700255,Fish
15.29,26.78343708,21.41008697,31.74664308,Fish
15.54,26.71578931,21.37387795,31.6762836,Fish
15.79,26.6541351,21.32572573,31.60950218,Fish
16.04,26.60320158,21.30145991,31.54724979,Fish
16.29,26.5503731,21.21632875,31.43153284,Fish
16.54,26.48208758,21.22835673,31.39802479,Fish
16.79,26.41531735,21.17722004,31.32624995,Fish
17.04,26.35146322,21.13237328,31.28359771,Fish
17.29,26.28495527,21.11898871,31.24094546,Fish
17.54,26.22648242,21.13430204,31.26222617,Fish
17.79,26.17188366,21.11360844,31.19203375,Fish
18.04,26.11035606,21.06616812,31.12317963,Fish
18.29,26.06026152,21.07780918,31.11835246,Fish
18.54,25.98907221,21.02351584,31.02768424,Fish
18.79,25.93434004,20.78662822,30.78674264,Fish
19.04,25.87025407,20.83456966,30.80022099,Fish
19.29,25.81102308,20.77667005,30.71331142,Fish
19.54,25.75690091,20.79453359,30.67571619,Fish
19.79,25.69903852,20.75173907,30.61346379,Fish
20.04,25.63654554,20.69711183,30.55121139,Fish
20.29,25.5813322,20.62127421,30.46432474,Fish
20.54,25.52655921,20.57770976,30.38818192,Fish
20.79,25.47302183,20.53323011,30.32804966,Fish
21.04,25.40741947,20.5385003,30.3022018,Fish
21.29,25.34991333,20.51290557,30.2399494,Fish
21.54,25.28914913,20.45738136,30.177697,Fish
21.79,25.22718429,20.38974126,30.1154446,Fish
22.04,25.16654496,20.31442135,30.02859805,Fish
22.29,25.1092326,20.24498106,29.95265967,Fish
22.54,25.05020782,20.22919421,29.92976146,Fish
22.79,24.99667825,20.1581749,29.866435,Fish
23.04,24.93882211,20.04158493,29.74609733,Fish
23.29,24.88457458,19.98390061,29.67724321,Fish
23.54,24.828106,19.91313729,29.60838909,Fish
23.79,24.7670704,19.97218038,29.66177763,Fish
24.04,24.70251084,19.74050789,29.43564621,Fish
24.29,24.64791226,19.66809969,29.36678215,Fish
24.54,24.59191241,19.62747281,29.31372933,Fish
24.79,24.53963809,19.58492012,29.26411852,Fish
25.04,24.47757723,19.5365644,29.20464726,Fish
25.29,24.41810628,19.48820869,29.17245322,Fish
25.54,24.36202865,19.43985298,29.11981463,Fish
25.79,24.30597475,19.39149727,29.06717603,Fish
26.04,24.25131603,19.35971575,29.03265134,Fish
26.29,24.19885009,18.99907767,28.65082625,Fish
26.54,24.14836123,18.95090933,28.58483898,Fish
26.79,24.08981828,18.90413153,28.52315038,Fish
27.04,24.03240744,19.1990698,28.83874236,Fish
27.29,23.9695539,19.101363,28.75134445,Fish
27.54,23.91155815,18.54910914,28.19006983,Fish
27.79,23.8478626,18.51191327,28.13895635,Fish
28.04,23.78866708,19.11823379,28.73867316,Fish
28.29,23.72665412,19.07934166,28.68473928,Fish
28.54,23.67014952,19.04044953,28.64756919,Fish
28.79,23.61606988,18.43350736,28.02964155,Fish
29.04,23.5737474,18.94545748,28.53054534,Fish
29.29,23.52253266,18.89656591,28.48346682,Fish
29.54,23.46577692,18.25154215,27.83046848,Fish
29.79,23.40454176,18.21434628,27.78288713,Fish
30.04,23.34654319,18.15761772,27.72119853,Fish
30.29,23.28251701,18.08997761,27.65950993,Fish
30.54,23.22511471,18.02171121,27.59782132,Fish
30.79,23.17201182,17.9546974,27.53613272,Fish
31.04,23.10471555,18.00245204,27.58832071,Fish
31.29,23.04394543,17.97114496,27.53295998,Fish
31.54,22.98407923,17.92937436,27.44039616,Fish
31.79,22.91765737,17.85541767,27.34783235,Fish
32.04,22.86461002,17.77862521,27.26734918,Fish
32.29,22.80586221,17.70183276,27.19849506,Fish
32.54,22.74744704,17.7079905,27.19572645,Fish
32.79,22.68346982,17.65009088,27.1236713,Fish
33.04,22.61667683,17.59219127,27.09590578,Fish
33.29,22.57275219,17.52382983,27.07717783,Fish
33.54,22.5104427,17.05448247,26.63028448,Fish
33.79,22.46029374,16.99854957,26.54004205,Fish
34.04,22.3859764,16.94261668,26.46968258,Fish
34.29,22.32220275,16.9214416,26.42219423,Fish
34.54,22.26482944,16.83075089,26.32963042,Fish
34.79,22.19606222,16.774818,26.29123469,Fish
35.04,22.14732443,16.70218519,26.21411535,Fish
35.29,22.09034006,16.67198839,26.21865418,Fish
35.54,22.03142486,16.63668368,26.18236392,Fish
35.79,21.96902168,16.60137897,26.17042473,Fish
36.04,21.9165028,17.00781872,26.57221463,Fish
36.29,21.86522785,16.9523123,26.53283905,Fish
36.54,21.81247969,16.8451873,26.44255303,Fish
36.79,21.74705303,16.80112257,26.40221669,Fish
37.04,21.69279359,16.74576531,26.31961016,Fish
37.29,21.63838206,16.68947762,26.25972778,Fish
37.54,21.57610377,16.63505079,26.20351065,Fish
37.79,21.50977008,16.58450783,26.16215889,Fish
38.04,21.44631484,16.51153504,26.08969755,Fish
38.29,21.39658116,16.46190634,26.02019824,Fish
38.54,21.33539611,16.4006056,25.96031586,Fish
38.79,21.27236765,16.33851309,25.90043348,Fish
39.04,21.21130797,16.27095135,25.86295968,Fish
39.29,21.15434614,16.21670336,25.83565123,Fish
39.54,21.09971833,16.0868013,25.7290789,Fish
39.79,21.04700992,16.06826612,25.70067949,Fish
40.04,20.98681543,15.97100207,25.60495741,Fish
40.29,20.9196229,15.91310246,25.54113918,Fish
40.54,20.86578844,15.84083158,25.46485345,Fish
40.79,20.813496,15.78192533,25.42137441,Fish
41.04,20.75671077,15.73045742,25.38397831,Fish
41.29,20.69513011,15.60063304,25.25975743,Fish
41.54,20.64189094,15.52194251,25.19750503,Fish
41.79,20.57883925,15.52692591,25.2048171,Fish
42.04,20.5108017,15.45648672,25.13063661,Fish
42.29,20.46731941,15.40843795,25.11436731,Fish
42.54,20.40743228,15.32397068,25.04879529,Fish
42.79,20.3457688,15.31234041,25.04750743,Fish
43.04,20.27841025,15.26429163,25.0197977,Fish
43.29,20.22490365,15.19258347,24.99208798,Fish
43.54,20.17107282,15.01901237,24.8586969,Fish
43.79,20.11279358,14.96759536,24.82313649,Fish
44.04,20.04431849,14.91617835,24.78945961,Fish
44.29,19.98748858,14.8521548,24.74316454,Fish
44.54,19.93292179,14.59343517,24.52313866,Fish
44.79,19.87656826,14.53144479,24.46325628,Fish
45.04,19.81018596,14.44262041,24.40337389,Fish
45.29,19.74163886,14.31446486,24.28612214,Fish
45.54,19.692947,14.23396635,24.22781077,Fish
45.79,19.63899518,14.17614725,24.22372674,Fish
46.04,19.57711337,14.0846339,24.16384436,Fish
46.29,19.50869798,14.17307681,24.27436725,Fish
46.54,19.44302742,14.02778193,24.14132925,Fish
46.79,19.38072434,13.95978055,24.08592284,Fish
47.04,19.31102789,13.91816276,24.05808191,Fish
47.29,19.24758508,13.84786487,24.06065717,Fish
47.54,19.19096891,13.74467026,24.00864991,Fish
47.79,19.13490063,13.64147565,23.97455911,Fish